1.epub	(Addiction Recovery Series) Lucy Rocca - Glass Half Full-Headline (2014).epub
2.epub	(Addiction Recovery Series) Lucy Rocca_ Sarah Turner - The Sober Revolution_ Calling Time on Wine O_Clock-Headline (2013).epub
3.epub	(Addiction Recovery Series) Lucy Rocca_ Sarah Turner - Your Six Week Plan-Headline (2013).epub
4.epub	(Jesus Calling) Sarah Young - The Jesus Calling Discussion Guide for Addiction Recovery_ 52 Weeks-Thomas Nelson (2016).epub
5.epub	(Living with hope (Minneapolis Minn.)) Postlethwaite, Martha - Addiction and recovery_ a spiritual pilgrimage-Fortress Press (2019).epub
6.epub	(New Harbinger loving someone series) Berg, Beverly - Loving someone in recovery_ the answers you need when your partner is recovering from addiction-New Harbinger Publications (2014_2013).epub
7.epub	(Norton Series on Interpersonal Neurobiology) Oliver J. Morgan - Addiction, Attachment, Trauma and Recovery_ The Power of Connection (Norton Series on Interpersonal Neurobiology)-W. W. Norton & Compan.epub
8.epub	(The Adams Recovery Center series) Adams Recovery Center - Accept, Reflect, Commit_ Your First Steps to Addiction Recovery-KiCam Projects (2017).epub
9.epub	(The Adams Recovery Center series) Adams Recovery Center - Addiction, Recovery, Change_ A How-To Manual for Successfully Navigating Sobriety-KiCam Projects (2016).epub
10.epub	Adam B. Hill - Long Walk Out of the Woods_ A Physician's Story of Addiction, Depression, Hope, and Recovery-Central Recovery Press, LLC (2019).epub
11.epub	Al J. Mooney, Catherine Dold, Howard Eisenberg - The Recovery Book_ Answers to  All Your Questions About Addiction and Alcoholism and Finding Health and Happiness in Sobriety-Workman Publishing Compan.epub
12.epub	Alex Andrews - Crystal Meth Addiction_ A Complete Overwiew and Guide to Recovery-Alex Andrews (2015).epub
13.epub	Alison Jones Webb, MA, MPH - Recovery Allies_ How to Support Addiction Recovery and Build Recovery-Friendly Communities-North Atlantic Books (2022).epub
14.epub	Amber Van De Bunt_ Karmen Karma - Overcome_ A Memoir Of Abuse, Addiction, Sex Work, and Recovery-Rare Bird Books (2019).epub
15.epub	and Medicine Engineering National Academies of Sciences_ Health and Medicine Division_ Board on Population Health and Public Health Practice_ Committee on the Review of Specific Programs in the Compre.epub
16.epub	Annalisa Cunningham - Healing Addiction with Yoga_ A Yoga Program for People in 12-Step Recovery-Findhorn Press (2012).epub
17.epub	Betty Ford - Healing and Hope_ Six Women from the Betty Ford Center Share Their Powerful Journeys of Addiction and Recovery-Penguin Publishing Group (2004).epub
18.epub	Carnes, Patrick - Don_t call it love_ recovery from sexual addiction-Random House Publishing Group_Bantam Books (1992_2013).epub
19.epub	Chris Prentiss - The Alcoholism and Addiction Cure_ A Holistic Approach to Total Recovery-Power Press (2005).epub
20.epub	Christopher Kennedy Lawford - Moments of Clarity_ Voices from the Front Lines of Addiction and Recovery-Harper Paperbacks (2010).epub
21.epub	Claudia Black - It Will Never Happen to Me_ Growing Up with Addiction as Youngsters, Adolescents, and Adults-Central Recovery Press, LLC (2020).epub
22.epub	Claudia Black - Unspoken Legacy_ Addressing the Impact of Trauma and Addiction within the Family-Central Recovery Press, LLC (2017).epub
23.epub	Darren Littlejohn - The 12-Step Buddhist_ Enhance Recovery from Any Addiction-Atria Books_Beyond Words (2009).epub
24.epub	David Best_ Albert Zandvoort_ Wendy Dawson_ George De Leon_ Brian Kidd_ Margaret Malloch_ Tim McSweeney_ Mark Gilman_ Alex Stevens_ Betsy Thom - Tackling Addiction _ Pathways to Recovery-Jessica Kings.epub
25.epub	David E. Smith - Fifty Years in the Service of Addiction Treatment_ An Evolution in Paradigm and Policy-Central Recovery Press, LLC (2012).epub
26.epub	David Magee - Dear William_ A Father_s Memoir of Addiction, Recovery, Love, and Loss-BenBella Books (2021).epub
27.epub	David Poses - The Weight of Air_ A Story of the Lies about Addiction and the Truth about Recovery-Sandra Jonas Publishing (2021).epub
28.epub	Deborah Beddoe_ David Beddoe - The Heart of Recovery_ How Compassion and Community Offer Hope in the Wake of Addiction-Baker Publishing Group (2019).epub
29.epub	Durga Leela - Yoga of Recovery_ Integrating Yoga and Ayurveda with Modern Recovery Tools for Addiction-Jessica Kingsley Publishers (2022).epub
30.epub	Earnie Larsen - Stage II Recovery_ Life Beyond Addiction-HarperCollins (2013).epub
31.epub	Ellen Van Vechten - On the Other Side of Chaos_ Understanding the Addiction of a Loved One-Central Recovery Press (2018).epub
32.epub	Emily Attached_ Marzia Fernandez_ Gino Mackesy - Mental Health Workbook_ 6 Books in 1_ The Attachment Theory, Abandonment Anxiety, Depression in Relationships, Addiction Recovery, Complex PTSD, Trauma.epub
33.epub	Eric Maisel, Susan Raeburn - Creative Recovery_ A Complete Addiction Treatment Program That Uses Your Natural Creativity-Trumpeter (2008).epub
34.epub	Erica Spiegelman - 101 Affirmations for Addiction & Recovery_ A Practical Guide for Self-Empowerment-Hatherleigh Press (2022).epub
35.epub	Forest Benedict - Life After Lust_ Stories & Strategies for Sex & Pornography Addiction Recovery-Visionary Books, LLC (2017).epub
36.epub	Grace, Annie - This Naked Mind_ Control Alcohol, Find Freedom, Discover Happiness and Change Your Life-Avery_Penguin Publishing Group (2018_2015).epub
37.epub	Hersh, Sharon A - The last addiction_ why self help is not enough, own your desire, live beyond recovery, find lasting freedom-WaterBrook Press (2011_2010).epub
38.epub	Holly Glenn Whitaker - Quit Like a Woman_ The Radical Choice to Not Drink in a Culture Obsessed with Alcohol-Bloomsbury Publishing (2019).epub
39.epub	INSPERIA PRESS - Matthew Perry Book_ A tale of Fame, Friends, Addiction and Recovery-INSPERIA PRESS (2022).epub
40.epub	Jacobson, Arnie and Sheila Wexler, Steve - All bets are off losers, liars, and recovery from gambling addiction-Central Recovery Press, LLC (2015).epub
41.epub	James L. Fenley, Jr. - Finding a Purpose in the Pain_ A Doctor_s Approach to Addiction Recovery and Healing-Central Recovery Press, LLC (2012).epub
42.epub	Janice Mann - Daily Affirmations for Spiritual Transformation for those in 12 Step Addiction Recovery-Janice Mann (2012).epub
43.epub	Jason Z.W. Powers - When the Servant Becomes the Master_ A Comprehensive Addiction Guide for Those Who Suffer from the Disease, the Loved Ones Affected by It-Central Recovery Press, LLC (2012).epub
44.epub	Jason Z.W. Powers - When the Servant Becomes the Master_ A Comprehensive Addiction Guide-Central Recovery Press, LLC (2017).epub
45.epub	Jerry Moe - Understanding Addiction and Recovery Through a Child_s Eyes_ Hope, Help, and Healing for Families-Health Communications Inc (2010).epub
46.epub	Jerry Spicer - The Minnesota Model_ The Evolution of the Multidisciplinary Approach to Addiction Recovery-Hazelden (1993).epub
47.epub	Jonathan Benz_ Kristina Robb-Dover - The Recovery-Minded Church _ Loving and Ministering to People with Addiction-InterVarsity Press (2015).epub
48.epub	Jordan, C - Sex Addiction Help_ The Ultimate Sex Addiction Recovery Guide-Jordan C. (2014).epub
49.epub	Kantor - Clinical Depression During Addiction Recovery (Process, Diagnosis, & Treatment)-Informa Healthcare (1996).epub
50.epub	Katy Cryer - Yoga for Addiction_ Using Yoga and the Twelve Steps to Find Peace in Recovery-New Harbinger Publications (2020).epub
51.epub	Kevin B. Skinner - Treating Pornography Addiction_ The Essential Tools for Recovery-GrowthClimate Incorporated (2017).epub
52.epub	Kevin Skinner - Treating Sexual Addiction_ A Compassionate Approach to Recovery (2020).epub
53.epub	Laura Burges - The Zen Way of Recovery_ An Illuminated Path Out of the Darkness of Addiction-Shambhala (2023).epub
54.epub	Laura Mckowen - We Are the Luckiest_ The Surprising Magic of a Sober Life-New World Library (2019).epub
55.epub	Lawford, Christopher Kennedy - Moments of clarity_ voices from the front lines of addiction and recovery-HarperCollins e-Books (2014).epub
56.epub	Lawrence Peltz - The Mindful Path to Addiction Recovery-Shambhala Publications.epub
57.epub	Lisa D. - Stepping Stones To Recovery - From Cocaine Crack Addiction-Hazelden (1994).epub
58.epub	Lisa Frederiksen - Quick Guide to Addiction Recovery_ What Helps, What Doesn_t-BookBaby (2014).epub
59.epub	Lisa M. Najavits - Finding Your Best Self, Revised Edition_ Recovery from Addiction, Trauma, or Both-The Guilford Press (15 Apr 2019).epub
60.epub	Liz Fraser - Coming Clean_ A true story of love, addiction and recovery-Bloomsbury Publishing (2021).epub
61.epub	Mackenzie Phillips - Hopeful Healing_ Essays on Managing Recovery and Surviving Addiction-Simon and Schuster (2017).epub
62.epub	Maggie Lamond Simone - Body Punishment_ OCD, Addiction, and Finding the Courage to Heal-Central Recovery Press (2015).epub
63.epub	Mason-John, Valerie_ Groves, Dr Paramabandhu - Eight step recovery _ using the buddha_s teachings to overcome addiction-Windhorse Publications (2014).epub
64.epub	Mate, Gabor - Close Encounters with Addiction-Central Recovery Press, LLC (2011).epub
65.epub	Maureen Cavanagh - If You Love Me_ A Mother_s Journey Through Her Daughter_s Addiction and Recovery-Henry Holt and Company (2020).epub
66.epub	Melody Beattie - Codependent No More Workbook-Hazelden Publishing (2011).epub
67.epub	Milton S Magness_ Marsha Means - Real Hope, True Freedom_ Understanding and Coping with Sex Addiction-Central Recovery Press, LLC (2017).epub
68.epub	Natalie Gold - Binge Crazy_ A Psychotherapist_s Memoir of Food Addiction, Mental Illness, Obesity and Recovery-Arrow Publications, LLC (2015).epub
69.epub	Nick Shepley - Addiction & Recovery-AUK Authors (2011).epub
70.epub	Pamela Peeke, Mariska van Aalst - The Hunger Fix_ The Three-Stage Detox and Recovery Plan for Overeating and Food Addiction-Rodale Books (2012).epub
71.epub	Pat Samples, Tim Hamilton - The Twelve Steps And Dual Disorders_ A Framework Of Recovery For Those Of Us With Addiction & An Emotional Or Psychiatric Illness-Hazelden Publishing (1994).epub
72.epub	Paul H. Earley - Recovery Skills Manual_ An Implementation Guide for Addiction Care-Central Recovery Press, LLC (2020).epub
73.epub	Paul Merson - Hooked_ Addiction and the Long Road to Recovery-Headline.epub
74.epub	Paul Thomas, M.D. - The Addiction Spectrum_ A Compassionate, Holistic Approach to Recovery-HarperCollins (2018).epub
75.epub	Peg O'Connor - Life on the Rocks_ Finding Meaning in Addiction and Recovery-Central Recovery Press (2016).epub
76.epub	Randy Grimes - Off Center_ A Memoir of Addiction, Recovery, and Redemption in Professional Football-Spiritus Communications (2022).epub
77.epub	Richard Sandor - Thinking Simply about Addiction_ A Handbook for Recovery-Penguin Publishing Group (2009).epub
78.epub	Rob Koke, Danielle Koke Germain - Prodigal Daughter_ A Family_s Brave Journey through Addiction and Recovery-Zondervan (2019).epub
79.epub	Sandra Swenson - The Joey Song_ A Mother_s Story of Her Son_s Addiction-Central Recovery Press, LLC (2014).epub
80.epub	Scientific American Editors - From Abuse to Recovery_ Understanding Addiction-The Rosen Publishing Group, Inc (2022).epub
81.epub	Scott Brassart - Sex and Porn Addiction Healing and Recovery_ A Practical Daily Reader for Sex and Porn Addicts-Amazon (2019).epub
82.epub	Sheppard, Kay - From the First Bite_ a Complete Guide to Recovery from Food Addiction-Health Communications, Incorporated (2010_2019).epub
83.epub	Simmons, Linda L - The Everything Health Guide to Addiction and Recovery _ Control your behavior and build a better life-Everything_F W Media (2010).epub
84.epub	Spiegelman, Erica - Rewired _ a bold new approach to addiction and recovery-Hatherleigh Press (2015).epub
85.epub	Sprout, Staci - Naked in Public_ A Memoir of Recovery From Sex Addiction and Other Temporary Insanities.epub
86.epub	Stanley H. Block_ Carolyn Bryant Block_ Guy du Plessis_ Rich Landward - Mind-Body Workbook for Addiction_ Effective Tools for Substance-Abuse Recovery and Relapse Prevention-New Harbinger Publications.epub
87.epub	Stanton Peele - Truth About Addiction and Recovery-Touchstone (2014).epub
88.epub	Sylvester  Sviokla, Kerry Zukus - From Harvard to Hell...and Back_ A Doctor_s Journey through Addiction to Recovery-Central Recovery Press, LLC (2013).epub
89.epub	Tarman, Vera - Food junkies_ recovery from food addiction-Dundurn (2019).epub
90.epub	Thad Ziolkowski - The Drop_ How the Most Addictive Sport Can Help Us Understand Addiction and Recovery-HarperCollins (2021).epub
91.epub	TJ Woodward - Conscious Recovery_ A Fresh Perspective on Addiction-Balboa Press (2017).epub
92.epub	Tommy Rosen - Recovery 2.0_ Move Beyond Addiction and Upgrade Your Life-Hay House (2014).epub
93.epub	Townsand Price-Spratlen - Addiction Recovery and Resilience-State University of New York Press (2022).epub
94.epub	Vin Baker, Joe Layden - God and Starbucks_ An NBA Superstar's Journey Through Addiction and Recovery-Amistad (2017).epub
95.epub	Walter Wolf - The Right Rehab_ A Guide to Addiction and Mental Illness Recovery When Crisis Hits Your Family-Rowman & Littlefield Publishers (2021).epub
96.epub	Wendy Peterson - Mothers, Addiction and Recovery-Demeter Press (2018).epub
97.epub	Wendy Welch - From the Front Lines of the Appalachian Addiction Crisis_ Healthcare Providers Discuss Opioids, Meth and Recovery-McFarland & Company, Inc., Publishers (2020).epub
98.epub	William Alexander - Ordinary Recovery_ Mindfulness, Addiction, and the Path of Lifelong Sobriety  -Trumpeter (2010).epub
99.epub	William Cope Moyers - Now What__ An Insider_s Guide to Addiction and Recovery-Hazelden Publishing (2012).epub
100.epub	William L. White - Pathways_ from the culture of addiction to the culture of recovery _ a travel guide for addiction professions-Hazelden Publishing (1996).epub
